{"cameraMode":{"drawMode":0,"name":"Shaded","section":"Shading Mode"},"sceneLighting":true,"audioPlay":false,"sceneViewState":{"showFog":true,"showMaterialUpdate":true,"showSkybox":true,"showFlares":true,"showImageEffects":true,"showParticleSystems":true},"in2DMode":false,"pivot":{"x":7.495928764343262,"y":1.119999885559082,"z":18.048608779907228},"rotation":{"x":-0.1579199731349945,"y":-0.16301283240318299,"z":0.026442719623446466,"w":-0.973550021648407},"size":1.9899749755859376,"orthographic":false}