{"cameraMode":{"drawMode":0,"name":"Shaded","section":"Shading Mode"},"sceneLighting":true,"audioPlay":false,"sceneViewState":{"showFog":true,"showMaterialUpdate":true,"showSkybox":true,"showFlares":true,"showImageEffects":true,"showParticleSystems":true},"in2DMode":false,"pivot":{"x":10.306318283081055,"y":-1.8912458419799805,"z":32.884307861328128},"rotation":{"x":-0.08690522611141205,"y":-0.812639057636261,"z":0.12557126581668855,"w":-0.5624147057533264},"size":22.732589721679689,"orthographic":false}