{"cameraMode":{"drawMode":0,"name":"Shaded","section":"Shading Mode"},"sceneLighting":true,"audioPlay":false,"sceneViewState":{"showFog":true,"showMaterialUpdate":true,"showSkybox":true,"showFlares":true,"showImageEffects":true,"showParticleSystems":true},"in2DMode":false,"pivot":{"x":13.20018196105957,"y":1.2236595153808594,"z":16.119779586791993},"rotation":{"x":-0.1579199731349945,"y":-0.16301283240318299,"z":0.026442719623446466,"w":-0.973550021648407},"size":5.656166076660156,"orthographic":false}