{"cameraMode":{"drawMode":0,"name":"Shaded","section":"Shading Mode"},"sceneLighting":true,"audioPlay":false,"sceneViewState":{"showFog":true,"showMaterialUpdate":true,"showSkybox":true,"showFlares":true,"showImageEffects":true,"showParticleSystems":true},"in2DMode":false,"pivot":{"x":7.202441692352295,"y":20.946935653686525,"z":17.35570526123047},"rotation":{"x":0.09681468456983566,"y":-0.1849135458469391,"z":-0.018309440463781358,"w":-0.9778100848197937},"size":9.811509132385254,"orthographic":false}